{"cameraMode":{"drawMode":0,"name":"Shaded","section":"Shading Mode"},"sceneLighting":true,"audioPlay":false,"sceneViewState":{"showFog":true,"showMaterialUpdate":false,"showSkybox":true,"showFlares":true,"showImageEffects":true,"showParticleSystems":true},"in2DMode":false,"pivot":{"x":31.320415496826173,"y":-275.7561950683594,"z":25.927297592163087},"rotation":{"x":-0.6526006460189819,"y":-0.001817156095057726,"z":0.001564247882924974,"w":-0.7576982975006104},"size":351.63995361328127,"orthographic":false}