{"cameraMode":{"drawMode":0,"name":"Shaded","section":"Shading Mode"},"sceneLighting":true,"audioPlay":false,"sceneViewState":{"showFog":true,"showMaterialUpdate":false,"showSkybox":true,"showFlares":true,"showImageEffects":true,"showParticleSystems":true},"in2DMode":false,"pivot":{"x":-0.09999999403953552,"y":0.7300000190734863,"z":3.259999990463257},"rotation":{"x":-0.10711866617202759,"y":-0.11249648034572602,"z":0.012201318517327309,"w":-0.987786054611206},"size":14.136930465698243,"orthographic":true}