{"cameraMode":{"drawMode":0,"name":"Shaded","section":"Shading Mode"},"sceneLighting":true,"audioPlay":false,"sceneViewState":{"showFog":true,"showMaterialUpdate":false,"showSkybox":true,"showFlares":true,"showImageEffects":true,"showParticleSystems":true},"in2DMode":false,"pivot":{"x":-1.2924507856369019,"y":4.743748664855957,"z":-3.838932514190674},"rotation":{"x":-0.4918789267539978,"y":-0.026893239468336107,"z":0.015202168375253678,"w":-0.8701153993606567},"size":11.055094718933106,"orthographic":false}