{"cameraMode":{"drawMode":0,"name":"Shaded","section":"Shading Mode"},"sceneLighting":true,"audioPlay":false,"sceneViewState":{"showFog":true,"showMaterialUpdate":false,"showSkybox":true,"showFlares":true,"showImageEffects":true,"showParticleSystems":true},"in2DMode":false,"pivot":{"x":21.327049255371095,"y":-18.235416412353517,"z":-9.279071807861329},"rotation":{"x":-0.7028198838233948,"y":0.02601449005305767,"z":-0.02573697827756405,"w":-0.7104260325431824},"size":70.06523132324219,"orthographic":false}